role_title,skills,job_description,combined_text
Data Scientist,"Python, R, SQL, Machine Learning, Deep Learning, Statistics, Data Visualization, Communication, Problem Solving","We are seeking a Data Scientist to analyze complex datasets and build predictive models. The candidate should have expertise in machine learning, statistical analysis, and data visualization. Responsibilities include cleaning and preprocessing data, designing and training models, and collaborating with business stakeholders to provide actionable insights. Strong communication skills and the ability to explain technical concepts to non-technical audiences are essential.","Python, R, SQL, Machine Learning, Deep Learning, Statistics, Data Visualization, Communication, Problem Solving We are seeking a Data Scientist to analyze complex datasets and build predictive models. The candidate should have expertise in machine learning, statistical analysis, and data visualization. Responsibilities include cleaning and preprocessing data, designing and training models, and collaborating with business stakeholders to provide actionable insights. Strong communication skills and the ability to explain technical concepts to non-technical audiences are essential."
Frontend Developer,"JavaScript, React, HTML, CSS, TypeScript, UX/UI Design, Responsive Design, Collaboration, Attention to Detail","As a Frontend Developer, you will be responsible for building user-friendly and responsive web applications. You should be proficient in JavaScript, React, and modern frontend frameworks. Your role will involve translating design mockups into functional interfaces, optimizing web performance, and collaborating with designers and backend engineers. A strong eye for detail and understanding of user experience principles are key for success in this role.","JavaScript, React, HTML, CSS, TypeScript, UX/UI Design, Responsive Design, Collaboration, Attention to Detail As a Frontend Developer, you will be responsible for building user-friendly and responsive web applications. You should be proficient in JavaScript, React, and modern frontend frameworks. Your role will involve translating design mockups into functional interfaces, optimizing web performance, and collaborating with designers and backend engineers. A strong eye for detail and understanding of user experience principles are key for success in this role."
Backend Developer,"Python, Node.js, Java, REST APIs, Databases, Docker, Cloud Platforms, Problem Solving, Teamwork","We are hiring a Backend Developer to design and maintain scalable server-side applications. The ideal candidate will have experience with RESTful APIs, relational and NoSQL databases, and cloud services. Responsibilities include developing robust APIs, optimizing database queries, ensuring application security, and collaborating with frontend developers to deliver seamless user experiences.","Python, Node.js, Java, REST APIs, Databases, Docker, Cloud Platforms, Problem Solving, Teamwork We are hiring a Backend Developer to design and maintain scalable server-side applications. The ideal candidate will have experience with RESTful APIs, relational and NoSQL databases, and cloud services. Responsibilities include developing robust APIs, optimizing database queries, ensuring application security, and collaborating with frontend developers to deliver seamless user experiences."
Machine Learning Engineer,"Python, TensorFlow, PyTorch, Machine Learning, Deep Learning, Data Preprocessing, MLOps, Problem Solving","The Machine Learning Engineer will develop, deploy, and optimize machine learning models in production environments. Candidates should have hands-on experience with deep learning frameworks, model deployment, and performance tuning. You will work closely with data scientists and software engineers to ensure that models integrate effectively into real-world applications.","Python, TensorFlow, PyTorch, Machine Learning, Deep Learning, Data Preprocessing, MLOps, Problem Solving The Machine Learning Engineer will develop, deploy, and optimize machine learning models in production environments. Candidates should have hands-on experience with deep learning frameworks, model deployment, and performance tuning. You will work closely with data scientists and software engineers to ensure that models integrate effectively into real-world applications."
Project Manager,"Agile Methodologies, Scrum, Communication, Leadership, Risk Management, Time Management, Stakeholder Management","We are looking for a Project Manager to oversee projects from initiation to completion. The role requires experience in Agile and Scrum methodologies, excellent leadership and communication skills, and the ability to manage multiple stakeholders. Responsibilities include creating project plans, tracking progress, mitigating risks, and ensuring timely delivery within budget.","Agile Methodologies, Scrum, Communication, Leadership, Risk Management, Time Management, Stakeholder Management We are looking for a Project Manager to oversee projects from initiation to completion. The role requires experience in Agile and Scrum methodologies, excellent leadership and communication skills, and the ability to manage multiple stakeholders. Responsibilities include creating project plans, tracking progress, mitigating risks, and ensuring timely delivery within budget."
Cybersecurity Analyst,"Network Security, Threat Analysis, Incident Response, SIEM Tools, Risk Assessment, Problem Solving, Attention to Detail","As a Cybersecurity Analyst, you will monitor, detect, and respond to security incidents to protect organizational assets. The role involves conducting vulnerability assessments, analyzing threats, and implementing security measures. Strong analytical skills, knowledge of security tools, and the ability to work under pressure are essential.","Network Security, Threat Analysis, Incident Response, SIEM Tools, Risk Assessment, Problem Solving, Attention to Detail As a Cybersecurity Analyst, you will monitor, detect, and respond to security incidents to protect organizational assets. The role involves conducting vulnerability assessments, analyzing threats, and implementing security measures. Strong analytical skills, knowledge of security tools, and the ability to work under pressure are essential."
DevOps Engineer,"CI/CD, Docker, Kubernetes, Cloud Platforms, Scripting, Monitoring, Collaboration, Problem Solving","We are seeking a DevOps Engineer to automate and streamline software delivery pipelines. Responsibilities include managing CI/CD pipelines, containerization with Docker and Kubernetes, and ensuring system reliability. The candidate should be comfortable working with cloud environments and collaborating with development teams to ensure seamless deployment processes.","CI/CD, Docker, Kubernetes, Cloud Platforms, Scripting, Monitoring, Collaboration, Problem Solving We are seeking a DevOps Engineer to automate and streamline software delivery pipelines. Responsibilities include managing CI/CD pipelines, containerization with Docker and Kubernetes, and ensuring system reliability. The candidate should be comfortable working with cloud environments and collaborating with development teams to ensure seamless deployment processes."
UI/UX Designer,"Figma, Adobe XD, Wireframing, Prototyping, User Research, Visual Design, Creativity, Collaboration","The UI/UX Designer will be responsible for creating engaging and user-friendly interfaces. You will conduct user research, create wireframes and prototypes, and collaborate with developers to ensure seamless implementation. Strong visual design skills, creativity, and an understanding of usability principles are required.","Figma, Adobe XD, Wireframing, Prototyping, User Research, Visual Design, Creativity, Collaboration The UI/UX Designer will be responsible for creating engaging and user-friendly interfaces. You will conduct user research, create wireframes and prototypes, and collaborate with developers to ensure seamless implementation. Strong visual design skills, creativity, and an understanding of usability principles are required."
Cloud Architect,"AWS, Azure, Google Cloud, Cloud Security, Infrastructure Design, Scalability, Communication, Leadership","We are hiring a Cloud Architect to design and implement scalable, secure, and cost-effective cloud solutions. The candidate should have expertise in cloud platforms like AWS, Azure, or Google Cloud. Responsibilities include developing cloud strategies, ensuring security compliance, and guiding development teams in best practices for cloud deployments.","AWS, Azure, Google Cloud, Cloud Security, Infrastructure Design, Scalability, Communication, Leadership We are hiring a Cloud Architect to design and implement scalable, secure, and cost-effective cloud solutions. The candidate should have expertise in cloud platforms like AWS, Azure, or Google Cloud. Responsibilities include developing cloud strategies, ensuring security compliance, and guiding development teams in best practices for cloud deployments."
Business Analyst,"Data Analysis, SQL, Requirement Gathering, Communication, Problem Solving, Documentation, Stakeholder Management","The Business Analyst will act as a bridge between stakeholders and technical teams. Responsibilities include gathering requirements, analyzing business processes, and providing data-driven recommendations. Strong analytical, documentation, and communication skills are necessary to translate business needs into actionable insights.","Data Analysis, SQL, Requirement Gathering, Communication, Problem Solving, Documentation, Stakeholder Management The Business Analyst will act as a bridge between stakeholders and technical teams. Responsibilities include gathering requirements, analyzing business processes, and providing data-driven recommendations. Strong analytical, documentation, and communication skills are necessary to translate business needs into actionable insights."
Blockchain Developer - Lead,"Solidity, Ethereum, Smart Contracts, Cryptography, Distributed Systems, Problem Solving","The Blockchain Developer will design and implement decentralized applications using smart contracts. Knowledge of Ethereum, Solidity, and cryptographic principles is required.","Solidity, Ethereum, Smart Contracts, Cryptography, Distributed Systems, Problem Solving The Blockchain Developer will design and implement decentralized applications using smart contracts. Knowledge of Ethereum, Solidity, and cryptographic principles is required."
Full Stack Developer - Lead,"JavaScript, React, Node.js, MongoDB, HTML, CSS, Problem Solving, Teamwork",We are hiring a Full Stack Developer to design and build end-to-end web applications. The candidate should be comfortable with both frontend and backend technologies.,"JavaScript, React, Node.js, MongoDB, HTML, CSS, Problem Solving, Teamwork We are hiring a Full Stack Developer to design and build end-to-end web applications. The candidate should be comfortable with both frontend and backend technologies."
QA Engineer - Senior,"Manual Testing, Automation, Selenium, JUnit, Attention to Detail, Communication, Problem Solving","We are seeking a QA Engineer to design and execute test plans, ensure product quality, and collaborate with developers to identify and resolve bugs. Both manual and automated testing experience is required.","Manual Testing, Automation, Selenium, JUnit, Attention to Detail, Communication, Problem Solving We are seeking a QA Engineer to design and execute test plans, ensure product quality, and collaborate with developers to identify and resolve bugs. Both manual and automated testing experience is required."
Systems Administrator - Lead,"Linux, Windows Server, Networking, Scripting, Security, Problem Solving","The Systems Administrator will manage IT infrastructure, ensure system uptime, and provide troubleshooting support. Knowledge of networking and system security is required.","Linux, Windows Server, Networking, Scripting, Security, Problem Solving The Systems Administrator will manage IT infrastructure, ensure system uptime, and provide troubleshooting support. Knowledge of networking and system security is required."
Network Engineer - Senior,"Networking, Firewalls, Cisco, Routing, Switching, Troubleshooting, Problem Solving","The Network Engineer will be responsible for configuring and maintaining secure network infrastructures. Strong knowledge of routing, switching, and firewalls is required.","Networking, Firewalls, Cisco, Routing, Switching, Troubleshooting, Problem Solving The Network Engineer will be responsible for configuring and maintaining secure network infrastructures. Strong knowledge of routing, switching, and firewalls is required."
Full Stack Developer - Consultant,"JavaScript, React, Node.js, MongoDB, HTML, CSS, Problem Solving, Teamwork",We are hiring a Full Stack Developer to design and build end-to-end web applications. The candidate should be comfortable with both frontend and backend technologies.,"JavaScript, React, Node.js, MongoDB, HTML, CSS, Problem Solving, Teamwork We are hiring a Full Stack Developer to design and build end-to-end web applications. The candidate should be comfortable with both frontend and backend technologies."
IT Support Specialist - Senior,"Troubleshooting, Networking, Hardware, Communication, Patience, Customer Service","As an IT Support Specialist, you will provide technical support to employees, resolve hardware and software issues, and ensure smooth IT operations.","Troubleshooting, Networking, Hardware, Communication, Patience, Customer Service As an IT Support Specialist, you will provide technical support to employees, resolve hardware and software issues, and ensure smooth IT operations."
Database Administrator - Consultant,"SQL, Oracle, MySQL, PostgreSQL, Performance Tuning, Backup, Problem Solving","We are looking for a Database Administrator to manage database systems, ensure high availability, and optimize performance. Experience with relational databases and backup strategies is essential.","SQL, Oracle, MySQL, PostgreSQL, Performance Tuning, Backup, Problem Solving We are looking for a Database Administrator to manage database systems, ensure high availability, and optimize performance. Experience with relational databases and backup strategies is essential."
QA Engineer - Lead,"Manual Testing, Automation, Selenium, JUnit, Attention to Detail, Communication, Problem Solving","We are seeking a QA Engineer to design and execute test plans, ensure product quality, and collaborate with developers to identify and resolve bugs. Both manual and automated testing experience is required.","Manual Testing, Automation, Selenium, JUnit, Attention to Detail, Communication, Problem Solving We are seeking a QA Engineer to design and execute test plans, ensure product quality, and collaborate with developers to identify and resolve bugs. Both manual and automated testing experience is required."
Systems Administrator,"Linux, Windows Server, Networking, Scripting, Security, Problem Solving","The Systems Administrator will manage IT infrastructure, ensure system uptime, and provide troubleshooting support. Knowledge of networking and system security is required.","Linux, Windows Server, Networking, Scripting, Security, Problem Solving The Systems Administrator will manage IT infrastructure, ensure system uptime, and provide troubleshooting support. Knowledge of networking and system security is required."
Database Administrator - Lead,"SQL, Oracle, MySQL, PostgreSQL, Performance Tuning, Backup, Problem Solving","We are looking for a Database Administrator to manage database systems, ensure high availability, and optimize performance. Experience with relational databases and backup strategies is essential.","SQL, Oracle, MySQL, PostgreSQL, Performance Tuning, Backup, Problem Solving We are looking for a Database Administrator to manage database systems, ensure high availability, and optimize performance. Experience with relational databases and backup strategies is essential."
Systems Administrator - Junior,"Linux, Windows Server, Networking, Scripting, Security, Problem Solving","The Systems Administrator will manage IT infrastructure, ensure system uptime, and provide troubleshooting support. Knowledge of networking and system security is required.","Linux, Windows Server, Networking, Scripting, Security, Problem Solving The Systems Administrator will manage IT infrastructure, ensure system uptime, and provide troubleshooting support. Knowledge of networking and system security is required."
QA Engineer - Senior,"Manual Testing, Automation, Selenium, JUnit, Attention to Detail, Communication, Problem Solving","We are seeking a QA Engineer to design and execute test plans, ensure product quality, and collaborate with developers to identify and resolve bugs. Both manual and automated testing experience is required.","Manual Testing, Automation, Selenium, JUnit, Attention to Detail, Communication, Problem Solving We are seeking a QA Engineer to design and execute test plans, ensure product quality, and collaborate with developers to identify and resolve bugs. Both manual and automated testing experience is required."
Database Administrator,"SQL, Oracle, MySQL, PostgreSQL, Performance Tuning, Backup, Problem Solving","We are looking for a Database Administrator to manage database systems, ensure high availability, and optimize performance. Experience with relational databases and backup strategies is essential.","SQL, Oracle, MySQL, PostgreSQL, Performance Tuning, Backup, Problem Solving We are looking for a Database Administrator to manage database systems, ensure high availability, and optimize performance. Experience with relational databases and backup strategies is essential."
Network Engineer - Intern,"Networking, Firewalls, Cisco, Routing, Switching, Troubleshooting, Problem Solving","The Network Engineer will be responsible for configuring and maintaining secure network infrastructures. Strong knowledge of routing, switching, and firewalls is required.","Networking, Firewalls, Cisco, Routing, Switching, Troubleshooting, Problem Solving The Network Engineer will be responsible for configuring and maintaining secure network infrastructures. Strong knowledge of routing, switching, and firewalls is required."
Systems Administrator,"Linux, Windows Server, Networking, Scripting, Security, Problem Solving","The Systems Administrator will manage IT infrastructure, ensure system uptime, and provide troubleshooting support. Knowledge of networking and system security is required.","Linux, Windows Server, Networking, Scripting, Security, Problem Solving The Systems Administrator will manage IT infrastructure, ensure system uptime, and provide troubleshooting support. Knowledge of networking and system security is required."
Product Manager - Intern,"Product Roadmap, Market Research, Agile, Communication, Leadership, Stakeholder Management","As a Product Manager, you will define product strategy, gather customer requirements, and coordinate with cross-functional teams to deliver successful products.","Product Roadmap, Market Research, Agile, Communication, Leadership, Stakeholder Management As a Product Manager, you will define product strategy, gather customer requirements, and coordinate with cross-functional teams to deliver successful products."
QA Engineer - Lead,"Manual Testing, Automation, Selenium, JUnit, Attention to Detail, Communication, Problem Solving","We are seeking a QA Engineer to design and execute test plans, ensure product quality, and collaborate with developers to identify and resolve bugs. Both manual and automated testing experience is required.","Manual Testing, Automation, Selenium, JUnit, Attention to Detail, Communication, Problem Solving We are seeking a QA Engineer to design and execute test plans, ensure product quality, and collaborate with developers to identify and resolve bugs. Both manual and automated testing experience is required."
Blockchain Developer - Consultant,"Solidity, Ethereum, Smart Contracts, Cryptography, Distributed Systems, Problem Solving","The Blockchain Developer will design and implement decentralized applications using smart contracts. Knowledge of Ethereum, Solidity, and cryptographic principles is required.","Solidity, Ethereum, Smart Contracts, Cryptography, Distributed Systems, Problem Solving The Blockchain Developer will design and implement decentralized applications using smart contracts. Knowledge of Ethereum, Solidity, and cryptographic principles is required."
Product Manager - Junior,"Product Roadmap, Market Research, Agile, Communication, Leadership, Stakeholder Management","As a Product Manager, you will define product strategy, gather customer requirements, and coordinate with cross-functional teams to deliver successful products.","Product Roadmap, Market Research, Agile, Communication, Leadership, Stakeholder Management As a Product Manager, you will define product strategy, gather customer requirements, and coordinate with cross-functional teams to deliver successful products."
AI Engineer - Lead,"Python, TensorFlow, PyTorch, Deep Learning, AI Ethics, MLOps, Problem Solving, Communication","As an AI Engineer, you will research, design, and deploy AI models to solve business challenges. You should have a strong background in deep learning frameworks, production deployment, and AI ethics.","Python, TensorFlow, PyTorch, Deep Learning, AI Ethics, MLOps, Problem Solving, Communication As an AI Engineer, you will research, design, and deploy AI models to solve business challenges. You should have a strong background in deep learning frameworks, production deployment, and AI ethics."
Mobile App Developer - Junior,"Kotlin, Swift, React Native, Flutter, UX Principles, Collaboration, Debugging",We are hiring a Mobile App Developer to build cross-platform mobile applications with strong performance and usability. Experience in either native or hybrid frameworks is desirable.,"Kotlin, Swift, React Native, Flutter, UX Principles, Collaboration, Debugging We are hiring a Mobile App Developer to build cross-platform mobile applications with strong performance and usability. Experience in either native or hybrid frameworks is desirable."
Database Administrator - Intern,"SQL, Oracle, MySQL, PostgreSQL, Performance Tuning, Backup, Problem Solving","We are looking for a Database Administrator to manage database systems, ensure high availability, and optimize performance. Experience with relational databases and backup strategies is essential.","SQL, Oracle, MySQL, PostgreSQL, Performance Tuning, Backup, Problem Solving We are looking for a Database Administrator to manage database systems, ensure high availability, and optimize performance. Experience with relational databases and backup strategies is essential."
IT Support Specialist - Consultant,"Troubleshooting, Networking, Hardware, Communication, Patience, Customer Service","As an IT Support Specialist, you will provide technical support to employees, resolve hardware and software issues, and ensure smooth IT operations.","Troubleshooting, Networking, Hardware, Communication, Patience, Customer Service As an IT Support Specialist, you will provide technical support to employees, resolve hardware and software issues, and ensure smooth IT operations."
Database Administrator,"SQL, Oracle, MySQL, PostgreSQL, Performance Tuning, Backup, Problem Solving","We are looking for a Database Administrator to manage database systems, ensure high availability, and optimize performance. Experience with relational databases and backup strategies is essential.","SQL, Oracle, MySQL, PostgreSQL, Performance Tuning, Backup, Problem Solving We are looking for a Database Administrator to manage database systems, ensure high availability, and optimize performance. Experience with relational databases and backup strategies is essential."
Network Engineer - Senior,"Networking, Firewalls, Cisco, Routing, Switching, Troubleshooting, Problem Solving","The Network Engineer will be responsible for configuring and maintaining secure network infrastructures. Strong knowledge of routing, switching, and firewalls is required.","Networking, Firewalls, Cisco, Routing, Switching, Troubleshooting, Problem Solving The Network Engineer will be responsible for configuring and maintaining secure network infrastructures. Strong knowledge of routing, switching, and firewalls is required."
QA Engineer - Consultant,"Manual Testing, Automation, Selenium, JUnit, Attention to Detail, Communication, Problem Solving","We are seeking a QA Engineer to design and execute test plans, ensure product quality, and collaborate with developers to identify and resolve bugs. Both manual and automated testing experience is required.","Manual Testing, Automation, Selenium, JUnit, Attention to Detail, Communication, Problem Solving We are seeking a QA Engineer to design and execute test plans, ensure product quality, and collaborate with developers to identify and resolve bugs. Both manual and automated testing experience is required."
QA Engineer - Lead,"Manual Testing, Automation, Selenium, JUnit, Attention to Detail, Communication, Problem Solving","We are seeking a QA Engineer to design and execute test plans, ensure product quality, and collaborate with developers to identify and resolve bugs. Both manual and automated testing experience is required.","Manual Testing, Automation, Selenium, JUnit, Attention to Detail, Communication, Problem Solving We are seeking a QA Engineer to design and execute test plans, ensure product quality, and collaborate with developers to identify and resolve bugs. Both manual and automated testing experience is required."
Systems Administrator - Consultant,"Linux, Windows Server, Networking, Scripting, Security, Problem Solving","The Systems Administrator will manage IT infrastructure, ensure system uptime, and provide troubleshooting support. Knowledge of networking and system security is required.","Linux, Windows Server, Networking, Scripting, Security, Problem Solving The Systems Administrator will manage IT infrastructure, ensure system uptime, and provide troubleshooting support. Knowledge of networking and system security is required."
Product Manager - Lead,"Product Roadmap, Market Research, Agile, Communication, Leadership, Stakeholder Management","As a Product Manager, you will define product strategy, gather customer requirements, and coordinate with cross-functional teams to deliver successful products.","Product Roadmap, Market Research, Agile, Communication, Leadership, Stakeholder Management As a Product Manager, you will define product strategy, gather customer requirements, and coordinate with cross-functional teams to deliver successful products."
Blockchain Developer - Intern,"Solidity, Ethereum, Smart Contracts, Cryptography, Distributed Systems, Problem Solving","The Blockchain Developer will design and implement decentralized applications using smart contracts. Knowledge of Ethereum, Solidity, and cryptographic principles is required.","Solidity, Ethereum, Smart Contracts, Cryptography, Distributed Systems, Problem Solving The Blockchain Developer will design and implement decentralized applications using smart contracts. Knowledge of Ethereum, Solidity, and cryptographic principles is required."
Product Manager - Lead,"Product Roadmap, Market Research, Agile, Communication, Leadership, Stakeholder Management","As a Product Manager, you will define product strategy, gather customer requirements, and coordinate with cross-functional teams to deliver successful products.","Product Roadmap, Market Research, Agile, Communication, Leadership, Stakeholder Management As a Product Manager, you will define product strategy, gather customer requirements, and coordinate with cross-functional teams to deliver successful products."
Blockchain Developer - Intern,"Solidity, Ethereum, Smart Contracts, Cryptography, Distributed Systems, Problem Solving","The Blockchain Developer will design and implement decentralized applications using smart contracts. Knowledge of Ethereum, Solidity, and cryptographic principles is required.","Solidity, Ethereum, Smart Contracts, Cryptography, Distributed Systems, Problem Solving The Blockchain Developer will design and implement decentralized applications using smart contracts. Knowledge of Ethereum, Solidity, and cryptographic principles is required."
Mobile App Developer - Consultant,"Kotlin, Swift, React Native, Flutter, UX Principles, Collaboration, Debugging",We are hiring a Mobile App Developer to build cross-platform mobile applications with strong performance and usability. Experience in either native or hybrid frameworks is desirable.,"Kotlin, Swift, React Native, Flutter, UX Principles, Collaboration, Debugging We are hiring a Mobile App Developer to build cross-platform mobile applications with strong performance and usability. Experience in either native or hybrid frameworks is desirable."
Product Manager,"Product Roadmap, Market Research, Agile, Communication, Leadership, Stakeholder Management","As a Product Manager, you will define product strategy, gather customer requirements, and coordinate with cross-functional teams to deliver successful products.","Product Roadmap, Market Research, Agile, Communication, Leadership, Stakeholder Management As a Product Manager, you will define product strategy, gather customer requirements, and coordinate with cross-functional teams to deliver successful products."
AI Engineer - Consultant,"Python, TensorFlow, PyTorch, Deep Learning, AI Ethics, MLOps, Problem Solving, Communication","As an AI Engineer, you will research, design, and deploy AI models to solve business challenges. You should have a strong background in deep learning frameworks, production deployment, and AI ethics.","Python, TensorFlow, PyTorch, Deep Learning, AI Ethics, MLOps, Problem Solving, Communication As an AI Engineer, you will research, design, and deploy AI models to solve business challenges. You should have a strong background in deep learning frameworks, production deployment, and AI ethics."
IT Support Specialist - Junior,"Troubleshooting, Networking, Hardware, Communication, Patience, Customer Service","As an IT Support Specialist, you will provide technical support to employees, resolve hardware and software issues, and ensure smooth IT operations.","Troubleshooting, Networking, Hardware, Communication, Patience, Customer Service As an IT Support Specialist, you will provide technical support to employees, resolve hardware and software issues, and ensure smooth IT operations."
QA Engineer - Intern,"Manual Testing, Automation, Selenium, JUnit, Attention to Detail, Communication, Problem Solving","We are seeking a QA Engineer to design and execute test plans, ensure product quality, and collaborate with developers to identify and resolve bugs. Both manual and automated testing experience is required.","Manual Testing, Automation, Selenium, JUnit, Attention to Detail, Communication, Problem Solving We are seeking a QA Engineer to design and execute test plans, ensure product quality, and collaborate with developers to identify and resolve bugs. Both manual and automated testing experience is required."
QA Engineer - Consultant,"Manual Testing, Automation, Selenium, JUnit, Attention to Detail, Communication, Problem Solving","We are seeking a QA Engineer to design and execute test plans, ensure product quality, and collaborate with developers to identify and resolve bugs. Both manual and automated testing experience is required.","Manual Testing, Automation, Selenium, JUnit, Attention to Detail, Communication, Problem Solving We are seeking a QA Engineer to design and execute test plans, ensure product quality, and collaborate with developers to identify and resolve bugs. Both manual and automated testing experience is required."
Network Engineer,"Networking, Firewalls, Cisco, Routing, Switching, Troubleshooting, Problem Solving","The Network Engineer will be responsible for configuring and maintaining secure network infrastructures. Strong knowledge of routing, switching, and firewalls is required.","Networking, Firewalls, Cisco, Routing, Switching, Troubleshooting, Problem Solving The Network Engineer will be responsible for configuring and maintaining secure network infrastructures. Strong knowledge of routing, switching, and firewalls is required."
AI Engineer - Junior,"Python, TensorFlow, PyTorch, Deep Learning, AI Ethics, MLOps, Problem Solving, Communication","As an AI Engineer, you will research, design, and deploy AI models to solve business challenges. You should have a strong background in deep learning frameworks, production deployment, and AI ethics.","Python, TensorFlow, PyTorch, Deep Learning, AI Ethics, MLOps, Problem Solving, Communication As an AI Engineer, you will research, design, and deploy AI models to solve business challenges. You should have a strong background in deep learning frameworks, production deployment, and AI ethics."
Mobile App Developer - Junior,"Kotlin, Swift, React Native, Flutter, UX Principles, Collaboration, Debugging",We are hiring a Mobile App Developer to build cross-platform mobile applications with strong performance and usability. Experience in either native or hybrid frameworks is desirable.,"Kotlin, Swift, React Native, Flutter, UX Principles, Collaboration, Debugging We are hiring a Mobile App Developer to build cross-platform mobile applications with strong performance and usability. Experience in either native or hybrid frameworks is desirable."
Network Engineer,"Networking, Firewalls, Cisco, Routing, Switching, Troubleshooting, Problem Solving","The Network Engineer will be responsible for configuring and maintaining secure network infrastructures. Strong knowledge of routing, switching, and firewalls is required.","Networking, Firewalls, Cisco, Routing, Switching, Troubleshooting, Problem Solving The Network Engineer will be responsible for configuring and maintaining secure network infrastructures. Strong knowledge of routing, switching, and firewalls is required."
Network Engineer - Junior,"Networking, Firewalls, Cisco, Routing, Switching, Troubleshooting, Problem Solving","The Network Engineer will be responsible for configuring and maintaining secure network infrastructures. Strong knowledge of routing, switching, and firewalls is required.","Networking, Firewalls, Cisco, Routing, Switching, Troubleshooting, Problem Solving The Network Engineer will be responsible for configuring and maintaining secure network infrastructures. Strong knowledge of routing, switching, and firewalls is required."
Database Administrator,"SQL, Oracle, MySQL, PostgreSQL, Performance Tuning, Backup, Problem Solving","We are looking for a Database Administrator to manage database systems, ensure high availability, and optimize performance. Experience with relational databases and backup strategies is essential.","SQL, Oracle, MySQL, PostgreSQL, Performance Tuning, Backup, Problem Solving We are looking for a Database Administrator to manage database systems, ensure high availability, and optimize performance. Experience with relational databases and backup strategies is essential."
Blockchain Developer - Consultant,"Solidity, Ethereum, Smart Contracts, Cryptography, Distributed Systems, Problem Solving","The Blockchain Developer will design and implement decentralized applications using smart contracts. Knowledge of Ethereum, Solidity, and cryptographic principles is required.","Solidity, Ethereum, Smart Contracts, Cryptography, Distributed Systems, Problem Solving The Blockchain Developer will design and implement decentralized applications using smart contracts. Knowledge of Ethereum, Solidity, and cryptographic principles is required."
Mobile App Developer,"Kotlin, Swift, React Native, Flutter, UX Principles, Collaboration, Debugging",We are hiring a Mobile App Developer to build cross-platform mobile applications with strong performance and usability. Experience in either native or hybrid frameworks is desirable.,"Kotlin, Swift, React Native, Flutter, UX Principles, Collaboration, Debugging We are hiring a Mobile App Developer to build cross-platform mobile applications with strong performance and usability. Experience in either native or hybrid frameworks is desirable."
QA Engineer - Intern,"Manual Testing, Automation, Selenium, JUnit, Attention to Detail, Communication, Problem Solving","We are seeking a QA Engineer to design and execute test plans, ensure product quality, and collaborate with developers to identify and resolve bugs. Both manual and automated testing experience is required.","Manual Testing, Automation, Selenium, JUnit, Attention to Detail, Communication, Problem Solving We are seeking a QA Engineer to design and execute test plans, ensure product quality, and collaborate with developers to identify and resolve bugs. Both manual and automated testing experience is required."
Database Administrator - Lead,"SQL, Oracle, MySQL, PostgreSQL, Performance Tuning, Backup, Problem Solving","We are looking for a Database Administrator to manage database systems, ensure high availability, and optimize performance. Experience with relational databases and backup strategies is essential.","SQL, Oracle, MySQL, PostgreSQL, Performance Tuning, Backup, Problem Solving We are looking for a Database Administrator to manage database systems, ensure high availability, and optimize performance. Experience with relational databases and backup strategies is essential."
Blockchain Developer - Senior,"Solidity, Ethereum, Smart Contracts, Cryptography, Distributed Systems, Problem Solving","The Blockchain Developer will design and implement decentralized applications using smart contracts. Knowledge of Ethereum, Solidity, and cryptographic principles is required.","Solidity, Ethereum, Smart Contracts, Cryptography, Distributed Systems, Problem Solving The Blockchain Developer will design and implement decentralized applications using smart contracts. Knowledge of Ethereum, Solidity, and cryptographic principles is required."
Systems Administrator - Consultant,"Linux, Windows Server, Networking, Scripting, Security, Problem Solving","The Systems Administrator will manage IT infrastructure, ensure system uptime, and provide troubleshooting support. Knowledge of networking and system security is required.","Linux, Windows Server, Networking, Scripting, Security, Problem Solving The Systems Administrator will manage IT infrastructure, ensure system uptime, and provide troubleshooting support. Knowledge of networking and system security is required."
Blockchain Developer,"Solidity, Ethereum, Smart Contracts, Cryptography, Distributed Systems, Problem Solving","The Blockchain Developer will design and implement decentralized applications using smart contracts. Knowledge of Ethereum, Solidity, and cryptographic principles is required.","Solidity, Ethereum, Smart Contracts, Cryptography, Distributed Systems, Problem Solving The Blockchain Developer will design and implement decentralized applications using smart contracts. Knowledge of Ethereum, Solidity, and cryptographic principles is required."
Database Administrator - Consultant,"SQL, Oracle, MySQL, PostgreSQL, Performance Tuning, Backup, Problem Solving","We are looking for a Database Administrator to manage database systems, ensure high availability, and optimize performance. Experience with relational databases and backup strategies is essential.","SQL, Oracle, MySQL, PostgreSQL, Performance Tuning, Backup, Problem Solving We are looking for a Database Administrator to manage database systems, ensure high availability, and optimize performance. Experience with relational databases and backup strategies is essential."
Database Administrator - Junior,"SQL, Oracle, MySQL, PostgreSQL, Performance Tuning, Backup, Problem Solving","We are looking for a Database Administrator to manage database systems, ensure high availability, and optimize performance. Experience with relational databases and backup strategies is essential.","SQL, Oracle, MySQL, PostgreSQL, Performance Tuning, Backup, Problem Solving We are looking for a Database Administrator to manage database systems, ensure high availability, and optimize performance. Experience with relational databases and backup strategies is essential."
Product Manager - Intern,"Product Roadmap, Market Research, Agile, Communication, Leadership, Stakeholder Management","As a Product Manager, you will define product strategy, gather customer requirements, and coordinate with cross-functional teams to deliver successful products.","Product Roadmap, Market Research, Agile, Communication, Leadership, Stakeholder Management As a Product Manager, you will define product strategy, gather customer requirements, and coordinate with cross-functional teams to deliver successful products."
Systems Administrator - Junior,"Linux, Windows Server, Networking, Scripting, Security, Problem Solving","The Systems Administrator will manage IT infrastructure, ensure system uptime, and provide troubleshooting support. Knowledge of networking and system security is required.","Linux, Windows Server, Networking, Scripting, Security, Problem Solving The Systems Administrator will manage IT infrastructure, ensure system uptime, and provide troubleshooting support. Knowledge of networking and system security is required."
Mobile App Developer - Consultant,"Kotlin, Swift, React Native, Flutter, UX Principles, Collaboration, Debugging",We are hiring a Mobile App Developer to build cross-platform mobile applications with strong performance and usability. Experience in either native or hybrid frameworks is desirable.,"Kotlin, Swift, React Native, Flutter, UX Principles, Collaboration, Debugging We are hiring a Mobile App Developer to build cross-platform mobile applications with strong performance and usability. Experience in either native or hybrid frameworks is desirable."
Full Stack Developer - Lead,"JavaScript, React, Node.js, MongoDB, HTML, CSS, Problem Solving, Teamwork",We are hiring a Full Stack Developer to design and build end-to-end web applications. The candidate should be comfortable with both frontend and backend technologies.,"JavaScript, React, Node.js, MongoDB, HTML, CSS, Problem Solving, Teamwork We are hiring a Full Stack Developer to design and build end-to-end web applications. The candidate should be comfortable with both frontend and backend technologies."
Product Manager - Lead,"Product Roadmap, Market Research, Agile, Communication, Leadership, Stakeholder Management","As a Product Manager, you will define product strategy, gather customer requirements, and coordinate with cross-functional teams to deliver successful products.","Product Roadmap, Market Research, Agile, Communication, Leadership, Stakeholder Management As a Product Manager, you will define product strategy, gather customer requirements, and coordinate with cross-functional teams to deliver successful products."
QA Engineer - Intern,"Manual Testing, Automation, Selenium, JUnit, Attention to Detail, Communication, Problem Solving","We are seeking a QA Engineer to design and execute test plans, ensure product quality, and collaborate with developers to identify and resolve bugs. Both manual and automated testing experience is required.","Manual Testing, Automation, Selenium, JUnit, Attention to Detail, Communication, Problem Solving We are seeking a QA Engineer to design and execute test plans, ensure product quality, and collaborate with developers to identify and resolve bugs. Both manual and automated testing experience is required."
Database Administrator - Senior,"SQL, Oracle, MySQL, PostgreSQL, Performance Tuning, Backup, Problem Solving","We are looking for a Database Administrator to manage database systems, ensure high availability, and optimize performance. Experience with relational databases and backup strategies is essential.","SQL, Oracle, MySQL, PostgreSQL, Performance Tuning, Backup, Problem Solving We are looking for a Database Administrator to manage database systems, ensure high availability, and optimize performance. Experience with relational databases and backup strategies is essential."
Database Administrator - Junior,"SQL, Oracle, MySQL, PostgreSQL, Performance Tuning, Backup, Problem Solving","We are looking for a Database Administrator to manage database systems, ensure high availability, and optimize performance. Experience with relational databases and backup strategies is essential.","SQL, Oracle, MySQL, PostgreSQL, Performance Tuning, Backup, Problem Solving We are looking for a Database Administrator to manage database systems, ensure high availability, and optimize performance. Experience with relational databases and backup strategies is essential."
QA Engineer - Lead,"Manual Testing, Automation, Selenium, JUnit, Attention to Detail, Communication, Problem Solving","We are seeking a QA Engineer to design and execute test plans, ensure product quality, and collaborate with developers to identify and resolve bugs. Both manual and automated testing experience is required.","Manual Testing, Automation, Selenium, JUnit, Attention to Detail, Communication, Problem Solving We are seeking a QA Engineer to design and execute test plans, ensure product quality, and collaborate with developers to identify and resolve bugs. Both manual and automated testing experience is required."
IT Support Specialist - Consultant,"Troubleshooting, Networking, Hardware, Communication, Patience, Customer Service","As an IT Support Specialist, you will provide technical support to employees, resolve hardware and software issues, and ensure smooth IT operations.","Troubleshooting, Networking, Hardware, Communication, Patience, Customer Service As an IT Support Specialist, you will provide technical support to employees, resolve hardware and software issues, and ensure smooth IT operations."
QA Engineer - Consultant,"Manual Testing, Automation, Selenium, JUnit, Attention to Detail, Communication, Problem Solving","We are seeking a QA Engineer to design and execute test plans, ensure product quality, and collaborate with developers to identify and resolve bugs. Both manual and automated testing experience is required.","Manual Testing, Automation, Selenium, JUnit, Attention to Detail, Communication, Problem Solving We are seeking a QA Engineer to design and execute test plans, ensure product quality, and collaborate with developers to identify and resolve bugs. Both manual and automated testing experience is required."
Blockchain Developer - Lead,"Solidity, Ethereum, Smart Contracts, Cryptography, Distributed Systems, Problem Solving","The Blockchain Developer will design and implement decentralized applications using smart contracts. Knowledge of Ethereum, Solidity, and cryptographic principles is required.","Solidity, Ethereum, Smart Contracts, Cryptography, Distributed Systems, Problem Solving The Blockchain Developer will design and implement decentralized applications using smart contracts. Knowledge of Ethereum, Solidity, and cryptographic principles is required."
AI Engineer - Intern,"Python, TensorFlow, PyTorch, Deep Learning, AI Ethics, MLOps, Problem Solving, Communication","As an AI Engineer, you will research, design, and deploy AI models to solve business challenges. You should have a strong background in deep learning frameworks, production deployment, and AI ethics.","Python, TensorFlow, PyTorch, Deep Learning, AI Ethics, MLOps, Problem Solving, Communication As an AI Engineer, you will research, design, and deploy AI models to solve business challenges. You should have a strong background in deep learning frameworks, production deployment, and AI ethics."
Systems Administrator - Junior,"Linux, Windows Server, Networking, Scripting, Security, Problem Solving","The Systems Administrator will manage IT infrastructure, ensure system uptime, and provide troubleshooting support. Knowledge of networking and system security is required.","Linux, Windows Server, Networking, Scripting, Security, Problem Solving The Systems Administrator will manage IT infrastructure, ensure system uptime, and provide troubleshooting support. Knowledge of networking and system security is required."
AI Engineer - Intern,"Python, TensorFlow, PyTorch, Deep Learning, AI Ethics, MLOps, Problem Solving, Communication","As an AI Engineer, you will research, design, and deploy AI models to solve business challenges. You should have a strong background in deep learning frameworks, production deployment, and AI ethics.","Python, TensorFlow, PyTorch, Deep Learning, AI Ethics, MLOps, Problem Solving, Communication As an AI Engineer, you will research, design, and deploy AI models to solve business challenges. You should have a strong background in deep learning frameworks, production deployment, and AI ethics."
Database Administrator - Intern,"SQL, Oracle, MySQL, PostgreSQL, Performance Tuning, Backup, Problem Solving","We are looking for a Database Administrator to manage database systems, ensure high availability, and optimize performance. Experience with relational databases and backup strategies is essential.","SQL, Oracle, MySQL, PostgreSQL, Performance Tuning, Backup, Problem Solving We are looking for a Database Administrator to manage database systems, ensure high availability, and optimize performance. Experience with relational databases and backup strategies is essential."
Systems Administrator - Consultant,"Linux, Windows Server, Networking, Scripting, Security, Problem Solving","The Systems Administrator will manage IT infrastructure, ensure system uptime, and provide troubleshooting support. Knowledge of networking and system security is required.","Linux, Windows Server, Networking, Scripting, Security, Problem Solving The Systems Administrator will manage IT infrastructure, ensure system uptime, and provide troubleshooting support. Knowledge of networking and system security is required."
Product Manager - Junior,"Product Roadmap, Market Research, Agile, Communication, Leadership, Stakeholder Management","As a Product Manager, you will define product strategy, gather customer requirements, and coordinate with cross-functional teams to deliver successful products.","Product Roadmap, Market Research, Agile, Communication, Leadership, Stakeholder Management As a Product Manager, you will define product strategy, gather customer requirements, and coordinate with cross-functional teams to deliver successful products."
Network Engineer - Senior,"Networking, Firewalls, Cisco, Routing, Switching, Troubleshooting, Problem Solving","The Network Engineer will be responsible for configuring and maintaining secure network infrastructures. Strong knowledge of routing, switching, and firewalls is required.","Networking, Firewalls, Cisco, Routing, Switching, Troubleshooting, Problem Solving The Network Engineer will be responsible for configuring and maintaining secure network infrastructures. Strong knowledge of routing, switching, and firewalls is required."
IT Support Specialist - Consultant,"Troubleshooting, Networking, Hardware, Communication, Patience, Customer Service","As an IT Support Specialist, you will provide technical support to employees, resolve hardware and software issues, and ensure smooth IT operations.","Troubleshooting, Networking, Hardware, Communication, Patience, Customer Service As an IT Support Specialist, you will provide technical support to employees, resolve hardware and software issues, and ensure smooth IT operations."
AI Engineer - Junior,"Python, TensorFlow, PyTorch, Deep Learning, AI Ethics, MLOps, Problem Solving, Communication","As an AI Engineer, you will research, design, and deploy AI models to solve business challenges. You should have a strong background in deep learning frameworks, production deployment, and AI ethics.","Python, TensorFlow, PyTorch, Deep Learning, AI Ethics, MLOps, Problem Solving, Communication As an AI Engineer, you will research, design, and deploy AI models to solve business challenges. You should have a strong background in deep learning frameworks, production deployment, and AI ethics."
Full Stack Developer,"JavaScript, React, Node.js, MongoDB, HTML, CSS, Problem Solving, Teamwork",We are hiring a Full Stack Developer to design and build end-to-end web applications. The candidate should be comfortable with both frontend and backend technologies.,"JavaScript, React, Node.js, MongoDB, HTML, CSS, Problem Solving, Teamwork We are hiring a Full Stack Developer to design and build end-to-end web applications. The candidate should be comfortable with both frontend and backend technologies."
Database Administrator - Intern,"SQL, Oracle, MySQL, PostgreSQL, Performance Tuning, Backup, Problem Solving","We are looking for a Database Administrator to manage database systems, ensure high availability, and optimize performance. Experience with relational databases and backup strategies is essential.","SQL, Oracle, MySQL, PostgreSQL, Performance Tuning, Backup, Problem Solving We are looking for a Database Administrator to manage database systems, ensure high availability, and optimize performance. Experience with relational databases and backup strategies is essential."
QA Engineer - Senior,"Manual Testing, Automation, Selenium, JUnit, Attention to Detail, Communication, Problem Solving","We are seeking a QA Engineer to design and execute test plans, ensure product quality, and collaborate with developers to identify and resolve bugs. Both manual and automated testing experience is required.","Manual Testing, Automation, Selenium, JUnit, Attention to Detail, Communication, Problem Solving We are seeking a QA Engineer to design and execute test plans, ensure product quality, and collaborate with developers to identify and resolve bugs. Both manual and automated testing experience is required."
AI Engineer - Senior,"Python, TensorFlow, PyTorch, Deep Learning, AI Ethics, MLOps, Problem Solving, Communication","As an AI Engineer, you will research, design, and deploy AI models to solve business challenges. You should have a strong background in deep learning frameworks, production deployment, and AI ethics.","Python, TensorFlow, PyTorch, Deep Learning, AI Ethics, MLOps, Problem Solving, Communication As an AI Engineer, you will research, design, and deploy AI models to solve business challenges. You should have a strong background in deep learning frameworks, production deployment, and AI ethics."
QA Engineer - Intern,"Manual Testing, Automation, Selenium, JUnit, Attention to Detail, Communication, Problem Solving","We are seeking a QA Engineer to design and execute test plans, ensure product quality, and collaborate with developers to identify and resolve bugs. Both manual and automated testing experience is required.","Manual Testing, Automation, Selenium, JUnit, Attention to Detail, Communication, Problem Solving We are seeking a QA Engineer to design and execute test plans, ensure product quality, and collaborate with developers to identify and resolve bugs. Both manual and automated testing experience is required."
Network Engineer - Intern,"Networking, Firewalls, Cisco, Routing, Switching, Troubleshooting, Problem Solving","The Network Engineer will be responsible for configuring and maintaining secure network infrastructures. Strong knowledge of routing, switching, and firewalls is required.","Networking, Firewalls, Cisco, Routing, Switching, Troubleshooting, Problem Solving The Network Engineer will be responsible for configuring and maintaining secure network infrastructures. Strong knowledge of routing, switching, and firewalls is required."
Database Administrator - Lead,"SQL, Oracle, MySQL, PostgreSQL, Performance Tuning, Backup, Problem Solving","We are looking for a Database Administrator to manage database systems, ensure high availability, and optimize performance. Experience with relational databases and backup strategies is essential.","SQL, Oracle, MySQL, PostgreSQL, Performance Tuning, Backup, Problem Solving We are looking for a Database Administrator to manage database systems, ensure high availability, and optimize performance. Experience with relational databases and backup strategies is essential."
QA Engineer - Senior,"Manual Testing, Automation, Selenium, JUnit, Attention to Detail, Communication, Problem Solving","We are seeking a QA Engineer to design and execute test plans, ensure product quality, and collaborate with developers to identify and resolve bugs. Both manual and automated testing experience is required.","Manual Testing, Automation, Selenium, JUnit, Attention to Detail, Communication, Problem Solving We are seeking a QA Engineer to design and execute test plans, ensure product quality, and collaborate with developers to identify and resolve bugs. Both manual and automated testing experience is required."
Mobile App Developer - Senior,"Kotlin, Swift, React Native, Flutter, UX Principles, Collaboration, Debugging",We are hiring a Mobile App Developer to build cross-platform mobile applications with strong performance and usability. Experience in either native or hybrid frameworks is desirable.,"Kotlin, Swift, React Native, Flutter, UX Principles, Collaboration, Debugging We are hiring a Mobile App Developer to build cross-platform mobile applications with strong performance and usability. Experience in either native or hybrid frameworks is desirable."
QA Engineer - Junior,"Manual Testing, Automation, Selenium, JUnit, Attention to Detail, Communication, Problem Solving","We are seeking a QA Engineer to design and execute test plans, ensure product quality, and collaborate with developers to identify and resolve bugs. Both manual and automated testing experience is required.","Manual Testing, Automation, Selenium, JUnit, Attention to Detail, Communication, Problem Solving We are seeking a QA Engineer to design and execute test plans, ensure product quality, and collaborate with developers to identify and resolve bugs. Both manual and automated testing experience is required."
QA Engineer,"Manual Testing, Automation, Selenium, JUnit, Attention to Detail, Communication, Problem Solving","We are seeking a QA Engineer to design and execute test plans, ensure product quality, and collaborate with developers to identify and resolve bugs. Both manual and automated testing experience is required.","Manual Testing, Automation, Selenium, JUnit, Attention to Detail, Communication, Problem Solving We are seeking a QA Engineer to design and execute test plans, ensure product quality, and collaborate with developers to identify and resolve bugs. Both manual and automated testing experience is required."
Database Administrator - Junior,"SQL, Oracle, MySQL, PostgreSQL, Performance Tuning, Backup, Problem Solving","We are looking for a Database Administrator to manage database systems, ensure high availability, and optimize performance. Experience with relational databases and backup strategies is essential.","SQL, Oracle, MySQL, PostgreSQL, Performance Tuning, Backup, Problem Solving We are looking for a Database Administrator to manage database systems, ensure high availability, and optimize performance. Experience with relational databases and backup strategies is essential."
Full Stack Developer - Junior,"JavaScript, React, Node.js, MongoDB, HTML, CSS, Problem Solving, Teamwork",We are hiring a Full Stack Developer to design and build end-to-end web applications. The candidate should be comfortable with both frontend and backend technologies.,"JavaScript, React, Node.js, MongoDB, HTML, CSS, Problem Solving, Teamwork We are hiring a Full Stack Developer to design and build end-to-end web applications. The candidate should be comfortable with both frontend and backend technologies."
Database Administrator,"SQL, Oracle, MySQL, PostgreSQL, Performance Tuning, Backup, Problem Solving","We are looking for a Database Administrator to manage database systems, ensure high availability, and optimize performance. Experience with relational databases and backup strategies is essential.","SQL, Oracle, MySQL, PostgreSQL, Performance Tuning, Backup, Problem Solving We are looking for a Database Administrator to manage database systems, ensure high availability, and optimize performance. Experience with relational databases and backup strategies is essential."
Full Stack Developer,"JavaScript, React, Node.js, MongoDB, HTML, CSS, Problem Solving, Teamwork",We are hiring a Full Stack Developer to design and build end-to-end web applications. The candidate should be comfortable with both frontend and backend technologies.,"JavaScript, React, Node.js, MongoDB, HTML, CSS, Problem Solving, Teamwork We are hiring a Full Stack Developer to design and build end-to-end web applications. The candidate should be comfortable with both frontend and backend technologies."
